Feature,Importance
Month,0.002653124298428356
Is_Weekend,0.0057904608929431715
Unit_Price,0.0061101154826213545
Demand_Lag_2d,0.011569529579723584
Demand_Lag_3d,0.011989930932630788
Demand_Lag_1d,0.012681297833576164
Demand_Lag_7d,0.013984757517703651
Week_of_Year,0.014810888594365287
Demand_Roll_Mean_3d,0.01579804476536617
Demand_Roll_Mean_7d,0.0191852758267882
Day_of_Month,0.021948535328167335
Store_Orders_Lag_1d,0.022326061020297678
Demand_Roll_Mean_14d,0.027342834717200636
Demand_Roll_Std_7d,0.02991600648813456
Day_of_Week,0.030348046529863826
Store_Orders_Roll_Mean_7d,0.042768769795718774
Category_Hist_Avg_Demand,0.05824809194707593
Product_Hist_Avg_Demand,0.6525282284493946
