Product_ID,Product_Name,Product_Category,Unit_Price,Demand_Level,Morning_Weight,Evening_Weight
P001,Milk (1L),Dairy,65,high,1.8,1.4
P002,Curd (400g),Dairy,40,high,1.5,1.2
P003,Paneer (200g),Dairy,90,medium,1.0,1.5
P004,Butter (100g),Dairy,55,medium,1.4,0.8
P005,Cheese Slices,Dairy,120,medium,1.0,1.0
P006,Yogurt (200ml),Dairy,35,low,1.3,0.9
P007,Cream (200ml),Dairy,60,low,0.7,1.2
P008,Eggs (6pcs),Dairy,55,high,1.7,1.0
P009,Bread (White),Bakery,45,high,1.9,1.0
P010,Bread (Brown),Bakery,55,medium,1.7,0.9
P011,Pav (6pcs),Bakery,30,medium,1.2,1.4
P012,Cake (Slice),Bakery,80,low,0.6,1.3
P013,Cookies Pack,Bakery,50,medium,0.8,1.1
P014,Bun (4pcs),Bakery,35,medium,1.5,0.9
P015,Soft Drink (500ml),Beverages,40,high,0.6,1.7
P016,Juice (1L),Beverages,95,medium,1.3,1.0
P017,Mineral Water (1L),Beverages,25,high,1.0,1.0
P018,Cold Coffee (200ml),Beverages,50,medium,0.9,1.4
P019,Energy Drink,Beverages,110,low,0.5,1.5
P020,Buttermilk (200ml),Beverages,25,medium,1.4,0.8
P021,Tea Bags (25pcs),Beverages,150,medium,1.6,0.7
P022,Chips (Large),Snacks,50,high,0.5,1.8
P023,Namkeen Mix,Snacks,45,medium,0.6,1.6
P024,Biscuits,Snacks,30,high,1.0,1.2
P025,Popcorn,Snacks,60,low,0.4,1.7
P026,Makhana (Fox Nuts),Snacks,120,low,0.8,1.3
P027,Dry Fruits Mix,Snacks,250,low,0.9,1.0
P028,Banana (6pcs),Fruits & Vegetables,40,high,1.6,1.0
P029,Onion (1kg),Fruits & Vegetables,35,high,1.2,1.3
P030,Tomato (500g),Fruits & Vegetables,25,high,1.3,1.2
P031,Potato (1kg),Fruits & Vegetables,30,high,1.1,1.2
P032,Apple (4pcs),Fruits & Vegetables,160,medium,1.4,0.8
P033,Lemon (6pcs),Fruits & Vegetables,20,medium,1.0,1.0
P034,Spinach (Bunch),Fruits & Vegetables,25,medium,1.3,1.4
P035,Capsicum (2pcs),Fruits & Vegetables,40,low,1.0,1.3
P036,Rice (1kg),Staples,70,high,0.9,1.3
P037,Atta/Flour (1kg),Staples,50,medium,0.8,1.1
P038,Sugar (500g),Staples,25,medium,1.0,0.9
P039,Salt (1kg),Staples,20,low,1.0,1.0
P040,Cooking Oil (1L),Staples,140,medium,0.9,1.2
P041,Dal/Lentils (500g),Staples,75,medium,0.8,1.3
P042,Soap (3pcs),Personal Care,120,medium,0.8,1.0
P043,Shampoo (200ml),Personal Care,180,low,0.7,1.1
P044,Toothpaste,Personal Care,95,medium,1.2,0.8
P045,Face Wash,Personal Care,150,low,0.9,1.0
P046,Hand Sanitizer,Personal Care,80,low,1.0,1.0
P047,Tissue Paper,Personal Care,50,medium,1.0,1.0
P048,Detergent (500g),Household,110,medium,0.7,1.0
P049,Dish Soap (500ml),Household,60,medium,0.8,1.0
P050,Floor Cleaner (500ml),Household,90,low,0.9,0.8
P051,Garbage Bags,Household,70,low,1.0,0.9
P052,Sponge/Scrubber,Household,30,low,0.8,0.9
P053,Instant Noodles (4pk),Instant & Frozen,80,high,0.7,1.6
P054,Frozen Peas (200g),Instant & Frozen,50,low,0.8,1.2
P055,Pasta (500g),Instant & Frozen,75,medium,0.6,1.5
P056,Pasta Sauce,Instant & Frozen,110,medium,0.6,1.5
P057,Ready-to-Eat Meal,Instant & Frozen,120,medium,0.5,1.6
P058,Frozen Paratha (5pcs),Instant & Frozen,90,medium,1.4,1.0
